{"./artifacts/lead_model_xgboost.json": {"0.0": {"precision": 0.8213507625272332, "recall": 0.8522984174830445, "f1-score": 0.8365384615384616, "support": 1327.0}, "1.0": {"precision": 0.8248436103663985, "recall": 0.7895637296834902, "f1-score": 0.8068181818181818, "support": 1169.0}, "accuracy": 0.8229166666666666, "macro avg": {"precision": 0.8230971864468158, "recall": 0.8209310735832673, "f1-score": 0.8216783216783217, "support": 2496.0}, "weighted avg": {"precision": 0.8229866355737013, "recall": 0.8229166666666666, "f1-score": 0.82261898758293, "support": 2496.0}}}