{"./artifacts/lead_model_xgboost.json": {"0.0": {"precision": 0.8306757782839788, "recall": 0.8244159758854559, "f1-score": 0.8275340393343419, "support": 1327.0}, "1.0": {"precision": 0.8023748939779474, "recall": 0.8092386655260907, "f1-score": 0.8057921635434412, "support": 1169.0}, "accuracy": 0.8173076923076923, "macro avg": {"precision": 0.816525336130963, "recall": 0.8168273207057732, "f1-score": 0.8166631014388915, "support": 2496.0}, "weighted avg": {"precision": 0.8174210772608415, "recall": 0.8173076923076923, "f1-score": 0.8173512457447735, "support": 2496.0}}}