{"./artifacts/lead_model_xgboost.json": {"0.0": {"precision": 0.8110795454545454, "recall": 0.8605877920120573, "f1-score": 0.8351005484460695, "support": 1327.0}, "1.0": {"precision": 0.8299632352941176, "recall": 0.7724550898203593, "f1-score": 0.8001772264067346, "support": 1169.0}, "accuracy": 0.8193108974358975, "macro avg": {"precision": 0.8205213903743316, "recall": 0.8165214409162083, "f1-score": 0.817638887426402, "support": 2496.0}, "weighted avg": {"precision": 0.8199237094859797, "recall": 0.8193108974358975, "f1-score": 0.8187442329556919, "support": 2496.0}}}