{"./artifacts/lead_model_xgboost.json": {"0.0": {"precision": 0.8233576642335766, "recall": 0.8500376789751318, "f1-score": 0.8364849833147943, "support": 1327.0}, "1.0": {"precision": 0.8232682060390764, "recall": 0.7929854576561164, "f1-score": 0.807843137254902, "support": 1169.0}, "accuracy": 0.8233173076923077, "macro avg": {"precision": 0.8233129351363264, "recall": 0.8215115683156241, "f1-score": 0.8221640602848481, "support": 2496.0}, "weighted avg": {"precision": 0.8233157665455274, "recall": 0.8233173076923077, "f1-score": 0.8230705930728015, "support": 2496.0}}, "./artifacts/lead_model_lr.pkl": {"0.0": {"precision": 0.7582417582417582, "recall": 0.8808510638297873, "f1-score": 0.8149606299212598, "support": 235.0}, "1.0": {"precision": 0.8333333333333334, "recall": 0.6796116504854369, "f1-score": 0.7486631016042781, "support": 206.0}, "accuracy": 0.7868480725623582, "macro avg": {"precision": 0.7957875457875458, "recall": 0.780231357157612, "f1-score": 0.781811865762769, "support": 441.0}, "weighted avg": {"precision": 0.7933185484205891, "recall": 0.7868480725623582, "f1-score": 0.7839917164670689, "support": 441.0}}}