{"./artifacts/lead_model_xgboost.json": {"0.0": {"precision": 0.8309325246398787, "recall": 0.825923134890731, "f1-score": 0.8284202569916855, "support": 1327.0}, "1.0": {"precision": 0.8037383177570093, "recall": 0.8092386655260907, "f1-score": 0.8064791133844842, "support": 1169.0}, "accuracy": 0.8181089743589743, "macro avg": {"precision": 0.817335421198444, "recall": 0.8175809002084109, "f1-score": 0.8174496851880848, "support": 2496.0}, "weighted avg": {"precision": 0.8181961352784708, "recall": 0.8181089743589743, "f1-score": 0.8181441364480884, "support": 2496.0}}, "./artifacts/lead_model_lr.pkl": {"0.0": {"precision": 0.7582417582417582, "recall": 0.8808510638297873, "f1-score": 0.8149606299212598, "support": 235.0}, "1.0": {"precision": 0.8333333333333334, "recall": 0.6796116504854369, "f1-score": 0.7486631016042781, "support": 206.0}, "accuracy": 0.7868480725623582, "macro avg": {"precision": 0.7957875457875458, "recall": 0.780231357157612, "f1-score": 0.781811865762769, "support": 441.0}, "weighted avg": {"precision": 0.7933185484205891, "recall": 0.7868480725623582, "f1-score": 0.7839917164670689, "support": 441.0}}}