{"./artifacts/lead_model_xgboost.json": {"0.0": {"precision": 0.8196248196248196, "recall": 0.8560663149962321, "f1-score": 0.8374493180980465, "support": 1327.0}, "1.0": {"precision": 0.8279279279279279, "recall": 0.786142001710864, "f1-score": 0.806494076349276, "support": 1169.0}, "accuracy": 0.8233173076923077, "macro avg": {"precision": 0.8237763737763737, "recall": 0.8211041583535481, "f1-score": 0.8219716972236613, "support": 2496.0}, "weighted avg": {"precision": 0.823513575076075, "recall": 0.8233173076923077, "f1-score": 0.8229514504681135, "support": 2496.0}}, "./artifacts/lead_model_lr.pkl": {"0.0": {"precision": 0.7573529411764706, "recall": 0.8765957446808511, "f1-score": 0.8126232741617357, "support": 235.0}, "1.0": {"precision": 0.8284023668639053, "recall": 0.6796116504854369, "f1-score": 0.7466666666666667, "support": 206.0}, "accuracy": 0.7845804988662132, "macro avg": {"precision": 0.792877654020188, "recall": 0.778103697583144, "f1-score": 0.7796449704142012, "support": 441.0}, "weighted avg": {"precision": 0.7905415617923699, "recall": 0.7845804988662132, "f1-score": 0.7818136117037215, "support": 441.0}}}