{"./artifacts/lead_model_xgboost.json": {"0.0": {"precision": 0.8196248196248196, "recall": 0.8560663149962321, "f1-score": 0.8374493180980465, "support": 1327.0}, "1.0": {"precision": 0.8279279279279279, "recall": 0.786142001710864, "f1-score": 0.806494076349276, "support": 1169.0}, "accuracy": 0.8233173076923077, "macro avg": {"precision": 0.8237763737763737, "recall": 0.8211041583535481, "f1-score": 0.8219716972236613, "support": 2496.0}, "weighted avg": {"precision": 0.823513575076075, "recall": 0.8233173076923077, "f1-score": 0.8229514504681135, "support": 2496.0}}}