{"./artifacts/lead_model_xgboost.json": {"0.0": {"precision": 0.8242677824267782, "recall": 0.8907309721175584, "f1-score": 0.8562115175660993, "support": 1327.0}, "1.0": {"precision": 0.8634651600753296, "recall": 0.7844311377245509, "f1-score": 0.822052891080233, "support": 1169.0}, "accuracy": 0.8409455128205128, "macro avg": {"precision": 0.843866471251054, "recall": 0.8375810549210546, "f1-score": 0.8391322043231662, "support": 2496.0}, "weighted avg": {"precision": 0.842625849121953, "recall": 0.8409455128205128, "f1-score": 0.8402133467479993, "support": 2496.0}}}