{"./artifacts/lead_model_xgboost.json": {"0.0": {"precision": 0.8193832599118943, "recall": 0.8409947249434815, "f1-score": 0.8300483451097063, "support": 1327.0}, "1.0": {"precision": 0.8139329805996472, "recall": 0.7895637296834902, "f1-score": 0.8015631784628745, "support": 1169.0}, "accuracy": 0.8169070512820513, "macro avg": {"precision": 0.8166581202557708, "recall": 0.8152792273134859, "f1-score": 0.8158057617862904, "support": 2496.0}, "weighted avg": {"precision": 0.8168306250897722, "recall": 0.8169070512820513, "f1-score": 0.8167073355703849, "support": 2496.0}}, "./artifacts/lead_model_lr.pkl": {"0.0": {"precision": 0.7582417582417582, "recall": 0.8808510638297873, "f1-score": 0.8149606299212598, "support": 235.0}, "1.0": {"precision": 0.8333333333333334, "recall": 0.6796116504854369, "f1-score": 0.7486631016042781, "support": 206.0}, "accuracy": 0.7868480725623582, "macro avg": {"precision": 0.7957875457875458, "recall": 0.780231357157612, "f1-score": 0.781811865762769, "support": 441.0}, "weighted avg": {"precision": 0.7933185484205891, "recall": 0.7868480725623582, "f1-score": 0.7839917164670689, "support": 441.0}}}