{"./artifacts/lead_model_xgboost.json": {"0.0": {"precision": 0.8233576642335766, "recall": 0.8500376789751318, "f1-score": 0.8364849833147943, "support": 1327.0}, "1.0": {"precision": 0.8232682060390764, "recall": 0.7929854576561164, "f1-score": 0.807843137254902, "support": 1169.0}, "accuracy": 0.8233173076923077, "macro avg": {"precision": 0.8233129351363264, "recall": 0.8215115683156241, "f1-score": 0.8221640602848481, "support": 2496.0}, "weighted avg": {"precision": 0.8233157665455274, "recall": 0.8233173076923077, "f1-score": 0.8230705930728015, "support": 2496.0}}}