{"/src/models/lead_model_xgboost.json": {"0.0": {"precision": 0.8293736501079914, "recall": 0.8681235870384325, "f1-score": 0.8483063328424153, "support": 1327.0}, "1.0": {"precision": 0.8419150858175248, "recall": 0.7972626176218991, "f1-score": 0.8189806678383128, "support": 1169.0}, "accuracy": 0.8349358974358975, "macro avg": {"precision": 0.8356443679627581, "recall": 0.8326931023301658, "f1-score": 0.833643500340364, "support": 2496.0}, "weighted avg": {"precision": 0.8352474234831695, "recall": 0.8349358974358975, "f1-score": 0.8345716764362471, "support": 2496.0}}, "/src/models/lead_model_lr.pkl": {"0.0": {"precision": 0.7582417582417582, "recall": 0.8808510638297873, "f1-score": 0.8149606299212598, "support": 235.0}, "1.0": {"precision": 0.8333333333333334, "recall": 0.6796116504854369, "f1-score": 0.7486631016042781, "support": 206.0}, "accuracy": 0.7868480725623582, "macro avg": {"precision": 0.7957875457875458, "recall": 0.780231357157612, "f1-score": 0.781811865762769, "support": 441.0}, "weighted avg": {"precision": 0.7933185484205891, "recall": 0.7868480725623582, "f1-score": 0.7839917164670689, "support": 441.0}}}