{"/mnt/c/Users/krist/Desktop/ITU/5_semester/MLops/EXAM/itu-sdse-project/models/lead_model_xgboost.json": {"0.0": {"precision": 0.7958333333333333, "recall": 0.8636021100226073, "f1-score": 0.8283339356704011, "support": 1327.0}, "1.0": {"precision": 0.8285984848484849, "recall": 0.7485029940119761, "f1-score": 0.7865168539325843, "support": 1169.0}, "accuracy": 0.8096955128205128, "macro avg": {"precision": 0.8122159090909091, "recall": 0.8060525520172916, "f1-score": 0.8074253948014927, "support": 2496.0}, "weighted avg": {"precision": 0.8111788710421522, "recall": 0.8096955128205128, "f1-score": 0.8087489322443162, "support": 2496.0}}}