{"/src/models/lead_model_xgboost.json": {"0.0": {"precision": 0.8137535816618912, "recall": 0.8560663149962321, "f1-score": 0.834373852368711, "support": 1327.0}, "1.0": {"precision": 0.8263636363636364, "recall": 0.7775876817792986, "f1-score": 0.8012340237990304, "support": 1169.0}, "accuracy": 0.8193108974358975, "macro avg": {"precision": 0.8200586090127637, "recall": 0.8168269983877654, "f1-score": 0.8178039380838706, "support": 2496.0}, "weighted avg": {"precision": 0.8196594926980852, "recall": 0.8193108974358975, "f1-score": 0.8188528349015809, "support": 2496.0}}, "/src/models/lead_model_lr.pkl": {"0.0": {"precision": 0.7582417582417582, "recall": 0.8808510638297873, "f1-score": 0.8149606299212598, "support": 235.0}, "1.0": {"precision": 0.8333333333333334, "recall": 0.6796116504854369, "f1-score": 0.7486631016042781, "support": 206.0}, "accuracy": 0.7868480725623582, "macro avg": {"precision": 0.7957875457875458, "recall": 0.780231357157612, "f1-score": 0.781811865762769, "support": 441.0}, "weighted avg": {"precision": 0.7933185484205891, "recall": 0.7868480725623582, "f1-score": 0.7839917164670689, "support": 441.0}}}